<?xml version="1.0" encoding="UTF-8" ?>
<!DOCTYPE mapper
        PUBLIC "-//mybatis.org//DTD Mapper 3.0//EN"
        "https://mybatis.org/dtd/mybatis-3-mapper.dtd">
<mapper namespace="MenuMapper">
    <resultMap type="com.ohgiraffers.section01.xmlconfig.MenuDTO" id="menuResultMap"> <!--menuResultMap이라는 매핑하는 도구-->
        <id property="menuCode" column="MENU_CODE"/> <!--primary key인 친구-->
        <result property="menuName" column="MENU_NAME"/>
        <result property="menuPrice" column="MENU_PRICE"/>
        <result property="categoryCode" column="MENU_CODE"/>
        <result property="orderableStatus" column="MENU_STATUS"/>
    </resultMap>
    <select id="selectAllMenus" resultMap="menuResultMap"> <!--한 행의 정보를 MenuDTO로 만들어줘(?)-->
        SELECT
               MENU_CODE
             , MENU_NAME
             , MENU_PRICE
             , CATEGORY_CODE
             , ORDERABLE_STATUS
          FROM TBL_MENU
    </select>
    <select id="selectMenu" parameterType="_int" resultMap="menuResultMap">
        SELECT
               MENU_CODE
             , MENU_NAME
             , MENU_PRICE
             , CATEGORY_CODE
             , ORDERABLE_STATUS
          FROM TBL_MENU
         WHERE MENU_CODE = #{menuCode}
    </select>
    <insert id="insertMenu" parameterType="com.ohgiraffers.section01.xmlconfig.MenuDTO" >
<!--    <insert id="insertMenu" parameterType="MenuDTO" >-->
        <!--dml 작업은 무조건 int 이기 때문에 적으면 에러 뜸  resultType ='_int'? -->
        INSERT
          INTO TBL_MENU
        (
          MENU_NAME
        , MENU_PRICE
        , CATEGORY_CODE
        , ORDERABLE_STATUS
        )
        VALUES
        (
          #{menuName}
        , #{menuPrice}
        , #{categoryCode}
        , 'Y'
        )
    </insert>
    <update id="udpateMenu" parameterType="MenuDTO"> <!--MenuDTO 아니면 Map만 거의 들어옴 -->
        UPDATE
                TBL_MENU
            SET MENU_NAME = #{menuName}
              , MENU_PRICE = #{menuPrice}
          WHERE MENU_CODE = #{menuCode}
    </update>
    <delete id="deleteMenu" parameterType="_int">
        DELETE
          FROM TBL_MENU
         WHERE MENU_CODE = #{menuCode}
    </delete>

</mapper>