<?xml version="1.0" encoding="UTF-8" ?>
<!DOCTYPE configuration
        PUBLIC "-//mybatis.org//DTD Config 3.0//EN"
        "https://mybatis.org/dtd/mybatis-3-config.dtd">
<configuration>
    <typeAliases>
        <typeAlias type="com.ohgiraffers.section01.xmlconfig.MenuDTO" alias="MenuDTO"/>
    </typeAliases>
    <environments default="dev">
        <environment id="dev">
            <transactionManager type="JDBC"></transactionManager>
            <dataSource type="POOLED">
                <property name="driver" value="com.mysql.cj.jdbc.Driver"/>
                <property name="url" value="jdbc:mysql://localhost:3306/menudb"/>
                <property name="username" value="swcamp"/>
                <property name="password" value="swcamp"/>
            </dataSource>
        </environment>
    </environments>
    <mappers>
        <!--resource(menu-mapper.xml) 등록-->
        <mapper resource = "com/ohgiraffers/section01/xmlconfig/menu-mapper.xml"/>
    </mappers>
</configuration>